<?xml version="1.0" encoding="UTF-8"?>
<project-private xmlns="http://www.netbeans.org/ns/project-private/1">
    <data xmlns="http://www.netbeans.org/ns/make-project-private/1">
        <activeConfTypeElem>1</activeConfTypeElem>
        <activeConfIndexElem>0</activeConfIndexElem>
    </data>
    <editor-bookmarks xmlns="http://www.netbeans.org/ns/editor-bookmarks/2" lastBookmarkId="0"/>
    <open-files xmlns="http://www.netbeans.org/ns/projectui-open-files/2">
        <group>
            <file>file:/C:/Users/Jason/OneDrive/Documents/GitHub/Cis17c2021/cis17cProject1.5/Deck.h</file>
            <file>file:/C:/Users/Jason/OneDrive/Documents/GitHub/Cis17c2021/cis17cProject1.5/Player.cpp</file>
            <file>file:/C:/Users/Jason/OneDrive/Documents/GitHub/Cis17c2021/cis17cProject1.5/Card.h</file>
            <file>file:/C:/Users/Jason/OneDrive/Documents/GitHub/Cis17c2021/cis17cProject1.5/scoreBoard.txt</file>
            <file>file:/C:/Users/Jason/OneDrive/Documents/GitHub/Cis17c2021/cis17cProject1.5/Game.cpp</file>
            <file>file:/C:/Users/Jason/OneDrive/Documents/GitHub/Cis17c2021/cis17cProject1.5/main.cpp</file>
            <file>file:/C:/Users/Jason/OneDrive/Documents/GitHub/Cis17c2021/cis17cProject1.5/Deck.cpp</file>
            <file>file:/C:/Users/Jason/OneDrive/Documents/GitHub/Cis17c2021/cis17cProject1.5/Player.h</file>
            <file>file:/C:/Users/Jason/OneDrive/Documents/GitHub/Cis17c2021/cis17cProject1.5/Game.h</file>
        </group>
    </open-files>
</project-private>
